person_ID,sex,uniq_age,first_age,last_age
1,F,3,25127.312347132,26559.0618616158
2,M,2,12881.1428976838,20057.4781877684
3,M,4,15890.9031041634,17282.6759886333
4,F,2,23996.646236159,21002.9214133743
5,F,4,20978.4594360049,34285.1981642851
